<?xml version="1.0" encoding="UTF-8" standalone="no" ?>
<Diagram name="OpenFOAMPreProcessing" version="1.00" xmlns:xsi="http://www.w3.org/2001/XMLSchema-instance" xsi:noNamespaceSchemaLocation="Uml.xsd">

  <Class _id="id3" baseTypes="id7e" childRoles="ide2" isAbstract="false" name="controlDict" parentRoles="id83" stereotype="Model"/>

  <Class _id="id4" baseTypes="id7e" childRoles="id82" isAbstract="false" name="controlDictProperties" stereotype="Atom">
    <Attribute _id="id5" defvalue="startTime;" max="1" min="1" name="startFrom" nonpersistent="false" ordered="false" registry="false" type="String" visibility="public"/>
    <Attribute _id="id6" defvalue="endTime;" max="1" min="1" name="stopAt" nonpersistent="false" ordered="false" registry="false" type="String" visibility="public"/>
    <Attribute _id="id7" defvalue="0;" max="1" min="1" name="startTime" nonpersistent="false" ordered="false" registry="false" type="Integer" visibility="public"/>
    <Attribute _id="id8" defvalue="100;" max="1" min="1" name="endTime" nonpersistent="false" ordered="false" registry="false" type="Integer" visibility="public"/>
    <Attribute _id="id9" defvalue="1;" max="1" min="1" name="deltaT" nonpersistent="false" ordered="false" registry="false" type="Integer" visibility="public"/>
    <Attribute _id="idA" defvalue="timeStep;" max="1" min="1" name="writeControl" nonpersistent="false" ordered="false" registry="false" type="String" visibility="public"/>
    <Attribute _id="idB" defvalue="10;" max="1" min="1" name="writeInterval" nonpersistent="false" ordered="false" registry="false" type="Integer" visibility="public"/>
    <Attribute _id="idC" max="1" min="1" name="purgeWrite" nonpersistent="false" ordered="false" registry="false" type="Integer" visibility="public"/>
    <Attribute _id="idD" defvalue="ascii;" max="1" min="1" name="writeFormat" nonpersistent="false" ordered="false" registry="false" type="String" visibility="public"/>
    <Attribute _id="ide" defvalue="6;" max="1" min="1" name="writePrecision" nonpersistent="false" ordered="false" registry="false" type="Integer" visibility="public"/>
    <Attribute _id="idF" defvalue="general;" max="1" min="1" name="timeFormat" nonpersistent="false" ordered="false" registry="false" type="String" visibility="public"/>
    <Attribute _id="id10" defvalue="6;" max="1" min="1" name="timePrecision" nonpersistent="false" ordered="false" registry="false" type="Integer" visibility="public"/>
    <Attribute _id="id11" defvalue="raw;" max="1" min="1" name="graphFormat" nonpersistent="false" ordered="false" registry="false" type="String" visibility="public"/>
    <Attribute _id="id12" defvalue="rhoSimpleFoam;" max="1" min="1" name="application" nonpersistent="false" ordered="false" registry="false" type="String" visibility="public"/>
    <Attribute _id="id13" defvalue="off;" max="1" min="1" name="writeCompression" nonpersistent="false" ordered="false" registry="false" type="String" visibility="public"/>
    <Attribute _id="id14" defvalue="true;" max="1" min="1" name="runTimeModifiable" nonpersistent="false" ordered="false" registry="false" type="String" visibility="public"/>
  </Class>

  <Class _id="id15" baseTypes="id7e" childRoles="id85" isAbstract="false" name="fvSchemesProperties" stereotype="Atom">
    <Attribute _id="id16" defvalue="steadyState;" max="1" min="1" name="ddtSchemes" nonpersistent="false" ordered="false" registry="false" type="String" visibility="public"/>
    <Attribute _id="id17" defvalue="bounded Gauss upwind;" max="1" min="1" name="divSchemes" nonpersistent="false" ordered="false" registry="false" type="String" visibility="public"/>
    <Attribute _id="id18" defvalue="Gauss linear;" max="1" min="1" name="gradSchemes" nonpersistent="false" ordered="false" registry="false" type="String" visibility="public"/>
    <Attribute _id="id19" defvalue="linear;" max="1" min="1" name="interpolationSchemes" nonpersistent="false" ordered="false" registry="false" type="String" visibility="public"/>
    <Attribute _id="id1A" defvalue="Gauss linear corrected;" max="1" min="1" name="laplacianSchemes" nonpersistent="false" ordered="false" registry="false" type="String" visibility="public"/>
    <Attribute _id="id1B" defvalue="no;" max="1" min="1" name="fluxRequired" nonpersistent="false" ordered="false" registry="false" type="String" visibility="public"/>
    <Attribute _id="id1C" defvalue="corrected;" max="1" min="1" name="snGradSchemes" nonpersistent="false" ordered="false" registry="false" type="String" visibility="public"/>
  </Class>

  <Class _id="id1D" baseTypes="id7e" childRoles="idDF" isAbstract="false" name="fvSchemes" parentRoles="id86" stereotype="Model"/>

  <Class _id="id1e" baseTypes="id7e" childRoles="id88" isAbstract="false" name="alphatBoundary" stereotype="Atom">
    <Attribute _id="id1F" max="1" min="1" name="patchName" nonpersistent="false" ordered="false" registry="false" type="String" visibility="public"/>
    <Attribute _id="id20" defvalue="compressible::alphatWallFunction;" max="1" min="1" name="btype" nonpersistent="false" ordered="false" registry="false" type="String" visibility="public"/>
    <Attribute _id="id21" defvalue="uniform 0;" max="1" min="1" name="value" nonpersistent="false" ordered="false" registry="false" type="String" visibility="public"/>
  </Class>

  <Class _id="id22" baseTypes="id7e" childRoles="id8B" isAbstract="false" name="alphatProperties" stereotype="Atom">
    <Attribute _id="id23" defvalue="[1 -1 -1 0 0 0 0];" max="1" min="1" name="dimensions" nonpersistent="false" ordered="false" registry="false" type="String" visibility="public"/>
    <Attribute _id="id24" defvalue="uniform 0;" max="1" min="1" name="internalField" nonpersistent="false" ordered="false" registry="false" type="String" visibility="public"/>
  </Class>

  <Class _id="id25" baseTypes="id7e" childRoles="idCD" isAbstract="false" name="alphat" parentRoles="id89 id8C" stereotype="Model"/>

  <Class _id="id26" baseTypes="id7e" childRoles="id91" isAbstract="false" name="mutProperties" stereotype="Atom">
    <Attribute _id="id27" defvalue="[1 -1 -1 0 0 0 0];" max="1" min="1" name="dimensions" nonpersistent="false" ordered="false" registry="false" type="String" visibility="public"/>
    <Attribute _id="id28" defvalue="uniform 0;" max="1" min="1" name="internalField" nonpersistent="false" ordered="false" registry="false" type="String" visibility="public"/>
  </Class>

  <Class _id="id29" baseTypes="id7e" childRoles="id8e" isAbstract="false" name="mutBoundary" stereotype="Atom">
    <Attribute _id="id2A" max="1" min="1" name="patchName" nonpersistent="false" ordered="false" registry="false" type="String" visibility="public"/>
    <Attribute _id="id2B" defvalue="mutkWallFunction;" max="1" min="1" name="btype" nonpersistent="false" ordered="false" registry="false" type="String" visibility="public"/>
    <Attribute _id="id2C" defvalue="uniform 0;" max="1" min="1" name="value" nonpersistent="false" ordered="false" registry="false" type="String" visibility="public"/>
  </Class>

  <Class _id="id2D" baseTypes="id7e" childRoles="idD6" isAbstract="false" name="mut" parentRoles="id8F id92" stereotype="Model"/>

  <Class _id="id2e" baseTypes="id7e" childRoles="id94" isAbstract="false" name="kProperties" stereotype="Atom">
    <Attribute _id="id2F" defvalue="[0 2 -2 0 0 0 0];" max="1" min="1" name="dimensions" nonpersistent="false" ordered="false" registry="false" type="String" visibility="public"/>
    <Attribute _id="id30" defvalue="uniform 1;" max="1" min="1" name="internalField" nonpersistent="false" ordered="false" registry="false" type="String" visibility="public"/>
  </Class>

  <Class _id="id31" baseTypes="id7e" childRoles="id97" isAbstract="false" name="kBoundary" stereotype="Atom">
    <Attribute _id="id32" max="1" min="1" name="patchName" nonpersistent="false" ordered="false" registry="false" type="String" visibility="public"/>
    <Attribute _id="id33" defvalue="compressible::kqRWallFunction;" max="1" min="1" name="btype" nonpersistent="false" ordered="false" registry="false" type="String" visibility="public"/>
    <Attribute _id="id34" defvalue="uniform 1;" max="1" min="1" name="value" nonpersistent="false" ordered="false" registry="false" type="String" visibility="public"/>
    <Attribute _id="id35" defvalue="0;" max="1" min="1" name="intensity" nonpersistent="false" ordered="false" registry="false" type="Real" visibility="public"/>
    <Attribute _id="id36" defvalue="uniform 1;" max="1" min="1" name="inletValue" nonpersistent="false" ordered="false" registry="false" type="String" visibility="public"/>
  </Class>

  <Class _id="id37" baseTypes="id7e" childRoles="idD9" isAbstract="false" name="k" parentRoles="id95 id98" stereotype="Model"/>

  <Class _id="id38" baseTypes="id7e" childRoles="id9D" isAbstract="false" name="pProperties" stereotype="Atom">
    <Attribute _id="id39" defvalue="[1 -1 -2 0 0 0 0];" max="1" min="1" name="dimensions" nonpersistent="false" ordered="false" registry="false" type="String" visibility="public"/>
    <Attribute _id="id3A" defvalue="uniform 1.0e5;" max="1" min="1" name="internalField" nonpersistent="false" ordered="false" registry="false" type="String" visibility="public"/>
  </Class>

  <Class _id="id3B" baseTypes="id7e" childRoles="id9A" isAbstract="false" name="pBoundary" stereotype="Atom">
    <Attribute _id="id3C" max="1" min="1" name="patchName" nonpersistent="false" ordered="false" registry="false" type="String" visibility="public"/>
    <Attribute _id="id3D" defvalue="zeroGradient;" max="1" min="1" name="btype" nonpersistent="false" ordered="false" registry="false" type="String" visibility="public"/>
    <Attribute _id="id3e" defvalue="$internalField;" max="1" min="1" name="value" nonpersistent="false" ordered="false" registry="false" type="String" visibility="public"/>
  </Class>

  <Class _id="id3F" baseTypes="id7e" childRoles="idD3" isAbstract="false" name="p" parentRoles="id9B id9e" stereotype="Model"/>

  <Class _id="id40" baseTypes="id7e" childRoles="idA3" isAbstract="false" name="UProperties" stereotype="Atom">
    <Attribute _id="id41" defvalue="[0 1 -1 0 0 0 0];" max="1" min="1" name="dimensions" nonpersistent="false" ordered="false" registry="false" type="String" visibility="public"/>
    <Attribute _id="id42" defvalue="uniform (0 0 0);" max="1" min="1" name="internalField" nonpersistent="false" ordered="false" registry="false" type="String" visibility="public"/>
  </Class>

  <Class _id="id43" baseTypes="id7e" childRoles="idA0" isAbstract="false" name="UBoundary" stereotype="Atom">
    <Attribute _id="id44" max="1" min="1" name="patchName" nonpersistent="false" ordered="false" registry="false" type="String" visibility="public"/>
    <Attribute _id="id45" defvalue="fixedValue;" max="1" min="1" name="btype" nonpersistent="false" ordered="false" registry="false" type="String" visibility="public"/>
    <Attribute _id="id46" defvalue="uniform (0 0 0);" max="1" min="1" name="value" nonpersistent="false" ordered="false" registry="false" type="String" visibility="public"/>
    <Attribute _id="id47" defvalue="constant 0.1;" max="1" min="1" name="massFlowRate" nonpersistent="false" ordered="false" registry="false" type="String" visibility="public"/>
    <Attribute _id="id48" defvalue="uniform (0 0 0);" max="1" min="1" name="inletValue" nonpersistent="false" ordered="false" registry="false" type="String" visibility="public"/>
  </Class>

  <Class _id="id49" baseTypes="id7e" childRoles="idDC" isAbstract="false" name="U" parentRoles="idA1 idA4" stereotype="Model"/>

  <Class _id="id4A" baseTypes="id7e" childRoles="idA9" isAbstract="false" name="TProperties" stereotype="Atom">
    <Attribute _id="id4B" defvalue="[0 0 0 1 0 0 0];" max="1" min="1" name="dimensions" nonpersistent="false" ordered="false" registry="false" type="String" visibility="public"/>
    <Attribute _id="id4C" defvalue="uniform 293;" max="1" min="1" name="internalField" nonpersistent="false" ordered="false" registry="false" type="String" visibility="public"/>
  </Class>

  <Class _id="id4D" baseTypes="id7e" childRoles="idA6" isAbstract="false" name="Boundary" stereotype="Atom">
    <Attribute _id="id4e" defvalue="zeroGradient;" max="1" min="1" name="btype" nonpersistent="false" ordered="false" registry="false" type="String" visibility="public"/>
    <Attribute _id="id4F" max="1" min="1" name="patchName" nonpersistent="false" ordered="false" registry="false" type="String" visibility="public"/>
    <Attribute _id="id50" defvalue="$internalField;" max="1" min="1" name="value" nonpersistent="false" ordered="false" registry="false" type="String" visibility="public"/>
    <Attribute _id="id51" defvalue="$internalField;" max="1" min="1" name="inletValue" nonpersistent="false" ordered="false" registry="false" type="String" visibility="public"/>
  </Class>

  <Class _id="id52" baseTypes="id7e" childRoles="idCA" isAbstract="false" name="T" parentRoles="idA7 idAA" stereotype="Model"/>

  <Class _id="id53" baseTypes="id7e" childRoles="idAF" isAbstract="false" name="epsilonBoundary" stereotype="Atom">
    <Attribute _id="id54" defvalue="uniform 200;" max="1" min="1" name="inletValue" nonpersistent="false" ordered="false" registry="false" type="String" visibility="public"/>
    <Attribute _id="id55" defvalue="0;" max="1" min="1" name="mixingLength" nonpersistent="false" ordered="false" registry="false" type="Real" visibility="public"/>
    <Attribute _id="id56" max="1" min="1" name="patchName" nonpersistent="false" ordered="false" registry="false" type="String" visibility="public"/>
    <Attribute _id="id57" defvalue="compressible::epsilonWallFunction;" max="1" min="1" name="btype" nonpersistent="false" ordered="false" registry="false" type="String" visibility="public"/>
    <Attribute _id="id58" defvalue="uniform 200;" max="1" min="1" name="value" nonpersistent="false" ordered="false" registry="false" type="String" visibility="public"/>
  </Class>

  <Class _id="id59" baseTypes="id7e" childRoles="idAC" isAbstract="false" name="epsilonProperties" stereotype="Atom">
    <Attribute _id="id5A" defvalue="[0 2 -3 0 0 0 0];" max="1" min="1" name="dimensions" nonpersistent="false" ordered="false" registry="false" type="String" visibility="public"/>
    <Attribute _id="id5B" defvalue="uniform 200;" max="1" min="1" name="internalField" nonpersistent="false" ordered="false" registry="false" type="String" visibility="public"/>
  </Class>

  <Class _id="id5C" baseTypes="id7e" childRoles="idD0" isAbstract="false" name="epsilon" parentRoles="idAD idB0" stereotype="Model"/>

  <Class _id="id5D" baseTypes="id7e" childRoles="idB2" isAbstract="false" name="thermoProperties" stereotype="Atom">
    <Attribute _id="id5e" defvalue="hePsiThermo;" max="1" min="1" name="thermoType" nonpersistent="false" ordered="false" registry="false" type="String" visibility="public"/>
    <Attribute _id="id5F" defvalue="pureMixture;" max="1" min="1" name="mixtureType" nonpersistent="false" ordered="false" registry="false" type="String" visibility="public"/>
    <Attribute _id="id60" defvalue="sutherland;" max="1" min="1" name="transportType" nonpersistent="false" ordered="false" registry="false" type="String" visibility="public"/>
    <Attribute _id="id61" defvalue="specie;" max="1" min="1" name="specie" nonpersistent="false" ordered="false" registry="false" type="String" visibility="public"/>
    <Attribute _id="id62" defvalue="perfectGas;" max="1" min="1" name="equationOfState" nonpersistent="false" ordered="false" registry="false" type="String" visibility="public"/>
    <Attribute _id="id63" defvalue="hConst;" max="1" min="1" name="thermo" nonpersistent="false" ordered="false" registry="false" type="String" visibility="public"/>
    <Attribute _id="id64" defvalue="sensibleInternalEnergy;" max="1" min="1" name="energy" nonpersistent="false" ordered="false" registry="false" type="String" visibility="public"/>
    <Attribute _id="id65" defvalue="1;" max="1" min="1" name="nMoles" nonpersistent="false" ordered="false" registry="false" type="Real" visibility="public"/>
    <Attribute _id="id66" defvalue="28.9;" max="1" min="1" name="molWeight" nonpersistent="false" ordered="false" registry="false" type="Real" visibility="public"/>
    <Attribute _id="id67" defvalue="1005;" max="1" min="1" name="Cp" nonpersistent="false" ordered="false" registry="false" type="Real" visibility="public"/>
    <Attribute _id="id68" defvalue="0;" max="1" min="1" name="Hf" nonpersistent="false" ordered="false" registry="false" type="Real" visibility="public"/>
    <Attribute _id="id69" defvalue="1.4792;" max="1" min="1" name="As" nonpersistent="false" ordered="false" registry="false" type="Real" visibility="public"/>
    <Attribute _id="id6A" defvalue="116;" max="1" min="1" name="Ts" nonpersistent="false" ordered="false" registry="false" type="Real" visibility="public"/>
  </Class>

  <Class _id="id6B" baseTypes="id7e" childRoles="ide8" isAbstract="false" name="thermophysicalProperties" parentRoles="idB3" stereotype="Model"/>

  <Class _id="id6C" baseTypes="id7e" childRoles="idB5" isAbstract="false" name="RProperties" stereotype="Atom">
    <Attribute _id="id6D" defvalue="kEpsilon;" max="1" min="1" name="RASModel" nonpersistent="false" ordered="false" registry="false" type="String" visibility="public"/>
    <Attribute _id="id6e" defvalue="on;" max="1" min="1" name="TurbulenceON" nonpersistent="false" ordered="false" registry="false" type="String" visibility="public"/>
    <Attribute _id="id6F" defvalue="on;" max="1" min="1" name="printCoefficients" nonpersistent="false" ordered="false" registry="false" type="String" visibility="public"/>
  </Class>

  <Class _id="id70" baseTypes="id7e" childRoles="ide5" isAbstract="false" name="RASProperties" parentRoles="idB6" stereotype="Model"/>

  <Class _id="id71" baseTypes="id7e" childRoles="idBB" isAbstract="true" name="UserDefinedGeometry" stereotype="Model" subTypes="id75"/>

  <Class _id="id72" baseTypes="id74" isAbstract="false" name="STL" stereotype="Atom"/>

  <Class _id="id73" baseTypes="id7e" childRoles="idC1" isAbstract="false" name="Geometry" parentRoles="idB9 idBC" stereotype="Model"/>

  <Class _id="id74" baseTypes="id7e" childRoles="idB8" isAbstract="true" name="CAD" stereotype="Atom" subTypes="id72"/>

  <Class _id="id75" baseTypes="id71" isAbstract="false" name="blockMesh" stereotype="Model"/>

  <Class _id="id76" baseTypes="id7e" childRoles="ideB idF4" isAbstract="false" name="rhoSimpleFoamCase" parentRoles="idBF idC2 idC5 idC8" stereotype="Model"/>

  <Class _id="id77" baseTypes="id7e" childRoles="idC7" isAbstract="false" name="rhoSimpleFoamInitialConditions" parentRoles="idCB idCe idD1 idD4 idD7 idDA idDD" stereotype="Model"/>

  <Class _id="id78" baseTypes="id7e" childRoles="idBe" isAbstract="false" name="rhoSimpleFoamCaseSettings" parentRoles="ide0 ide3" stereotype="Model"/>

  <Class _id="id79" baseTypes="id7e" childRoles="idC4" isAbstract="false" name="rhoSimpleFoamDomainSettings" parentRoles="ide6 ide9" stereotype="Model"/>

  <Class _id="id7A" childRoles="idee idF1" isAbstract="false" name="Folder" parentRoles="ideC ideF" stereotype="Folder">
    <Attribute _id="id7B" max="1" min="0" name="name" nonpersistent="false" ordered="false" registry="false" type="String" visibility="public"/>
  </Class>

  <Class _id="id7C" childRoles="idF7" isAbstract="false" name="RootFolder" parentRoles="idF2 idF5 idF8" stereotype="Folder">
    <Attribute _id="id7D" max="1" min="0" name="name" nonpersistent="false" ordered="false" registry="false" type="String" visibility="public"/>
  </Class>

  <Class _id="id7e" isAbstract="true" name="MgaObject" subTypes="id3 id4 id15 id1D id1e id22 id25 id26 id29 id2D id2e id31 id37 id38 id3B id3F id40 id43 id49 id4A id4D id52 id53 id59 id5C id5D id6B id6C id70 id71 id73 id74 id76 id77 id78 id79">
    <Attribute _id="id7F" max="1" min="0" name="name" nonpersistent="false" ordered="false" registry="false" type="String" visibility="public"/>
    <Attribute _id="id80" max="1" min="0" name="position" nonpersistent="false" ordered="false" registry="false" type="String" visibility="public"/>
  </Class>

  <Composition _id="id81" nonpersistent="false">
    <CompositionChildRole _id="id82" isNavigable="true" max="1" min="1" target="id4"/>
    <CompositionParentRole _id="id83" isNavigable="true" target="id3"/>
  </Composition>

  <Composition _id="id84" nonpersistent="false">
    <CompositionChildRole _id="id85" isNavigable="true" max="1" min="1" target="id15"/>
    <CompositionParentRole _id="id86" isNavigable="true" target="id1D"/>
  </Composition>

  <Composition _id="id87" nonpersistent="false">
    <CompositionChildRole _id="id88" isNavigable="true" max="-1" min="1" target="id1e"/>
    <CompositionParentRole _id="id89" isNavigable="true" target="id25"/>
  </Composition>

  <Composition _id="id8A" nonpersistent="false">
    <CompositionChildRole _id="id8B" isNavigable="true" max="1" min="1" target="id22"/>
    <CompositionParentRole _id="id8C" isNavigable="true" target="id25"/>
  </Composition>

  <Composition _id="id8D" nonpersistent="false">
    <CompositionChildRole _id="id8e" isNavigable="true" max="-1" min="1" target="id29"/>
    <CompositionParentRole _id="id8F" isNavigable="true" target="id2D"/>
  </Composition>

  <Composition _id="id90" nonpersistent="false">
    <CompositionChildRole _id="id91" isNavigable="true" max="1" min="1" target="id26"/>
    <CompositionParentRole _id="id92" isNavigable="true" target="id2D"/>
  </Composition>

  <Composition _id="id93" nonpersistent="false">
    <CompositionChildRole _id="id94" isNavigable="true" max="1" min="1" target="id2e"/>
    <CompositionParentRole _id="id95" isNavigable="true" target="id37"/>
  </Composition>

  <Composition _id="id96" nonpersistent="false">
    <CompositionChildRole _id="id97" isNavigable="true" max="-1" min="1" target="id31"/>
    <CompositionParentRole _id="id98" isNavigable="true" target="id37"/>
  </Composition>

  <Composition _id="id99" nonpersistent="false">
    <CompositionChildRole _id="id9A" isNavigable="true" max="-1" min="1" target="id3B"/>
    <CompositionParentRole _id="id9B" isNavigable="true" target="id3F"/>
  </Composition>

  <Composition _id="id9C" nonpersistent="false">
    <CompositionChildRole _id="id9D" isNavigable="true" max="1" min="1" target="id38"/>
    <CompositionParentRole _id="id9e" isNavigable="true" target="id3F"/>
  </Composition>

  <Composition _id="id9F" nonpersistent="false">
    <CompositionChildRole _id="idA0" isNavigable="true" max="-1" min="1" target="id43"/>
    <CompositionParentRole _id="idA1" isNavigable="true" target="id49"/>
  </Composition>

  <Composition _id="idA2" nonpersistent="false">
    <CompositionChildRole _id="idA3" isNavigable="true" max="1" min="1" target="id40"/>
    <CompositionParentRole _id="idA4" isNavigable="true" target="id49"/>
  </Composition>

  <Composition _id="idA5" nonpersistent="false">
    <CompositionChildRole _id="idA6" isNavigable="true" max="-1" min="1" target="id4D"/>
    <CompositionParentRole _id="idA7" isNavigable="true" target="id52"/>
  </Composition>

  <Composition _id="idA8" nonpersistent="false">
    <CompositionChildRole _id="idA9" isNavigable="true" max="1" min="1" target="id4A"/>
    <CompositionParentRole _id="idAA" isNavigable="true" target="id52"/>
  </Composition>

  <Composition _id="idAB" nonpersistent="false">
    <CompositionChildRole _id="idAC" isNavigable="true" max="1" min="1" target="id59"/>
    <CompositionParentRole _id="idAD" isNavigable="true" target="id5C"/>
  </Composition>

  <Composition _id="idAe" nonpersistent="false">
    <CompositionChildRole _id="idAF" isNavigable="true" max="-1" min="1" target="id53"/>
    <CompositionParentRole _id="idB0" isNavigable="true" target="id5C"/>
  </Composition>

  <Composition _id="idB1" nonpersistent="false">
    <CompositionChildRole _id="idB2" isNavigable="true" max="1" min="1" target="id5D"/>
    <CompositionParentRole _id="idB3" isNavigable="true" target="id6B"/>
  </Composition>

  <Composition _id="idB4" nonpersistent="false">
    <CompositionChildRole _id="idB5" isNavigable="true" max="1" min="1" target="id6C"/>
    <CompositionParentRole _id="idB6" isNavigable="true" target="id70"/>
  </Composition>

  <Composition _id="idB7" nonpersistent="false">
    <CompositionChildRole _id="idB8" isNavigable="true" max="-1" min="0" target="id74"/>
    <CompositionParentRole _id="idB9" isNavigable="true" target="id73"/>
  </Composition>

  <Composition _id="idBA" nonpersistent="false">
    <CompositionChildRole _id="idBB" isNavigable="true" max="-1" min="0" target="id71"/>
    <CompositionParentRole _id="idBC" isNavigable="true" target="id73"/>
  </Composition>

  <Composition _id="idBD" nonpersistent="false">
    <CompositionChildRole _id="idBe" isNavigable="true" max="1" min="1" target="id78"/>
    <CompositionParentRole _id="idBF" isNavigable="true" target="id76"/>
  </Composition>

  <Composition _id="idC0" nonpersistent="false">
    <CompositionChildRole _id="idC1" isNavigable="true" max="1" min="1" target="id73"/>
    <CompositionParentRole _id="idC2" isNavigable="true" target="id76"/>
  </Composition>

  <Composition _id="idC3" nonpersistent="false">
    <CompositionChildRole _id="idC4" isNavigable="true" max="1" min="1" target="id79"/>
    <CompositionParentRole _id="idC5" isNavigable="true" target="id76"/>
  </Composition>

  <Composition _id="idC6" nonpersistent="false">
    <CompositionChildRole _id="idC7" isNavigable="true" max="1" min="1" target="id77"/>
    <CompositionParentRole _id="idC8" isNavigable="true" target="id76"/>
  </Composition>

  <Composition _id="idC9" nonpersistent="false">
    <CompositionChildRole _id="idCA" isNavigable="true" max="1" min="1" target="id52"/>
    <CompositionParentRole _id="idCB" isNavigable="true" target="id77"/>
  </Composition>

  <Composition _id="idCC" nonpersistent="false">
    <CompositionChildRole _id="idCD" isNavigable="true" max="1" min="1" target="id25"/>
    <CompositionParentRole _id="idCe" isNavigable="true" target="id77"/>
  </Composition>

  <Composition _id="idCF" nonpersistent="false">
    <CompositionChildRole _id="idD0" isNavigable="true" max="1" min="1" target="id5C"/>
    <CompositionParentRole _id="idD1" isNavigable="true" target="id77"/>
  </Composition>

  <Composition _id="idD2" nonpersistent="false">
    <CompositionChildRole _id="idD3" isNavigable="true" max="1" min="1" target="id3F"/>
    <CompositionParentRole _id="idD4" isNavigable="true" target="id77"/>
  </Composition>

  <Composition _id="idD5" nonpersistent="false">
    <CompositionChildRole _id="idD6" isNavigable="true" max="1" min="1" target="id2D"/>
    <CompositionParentRole _id="idD7" isNavigable="true" target="id77"/>
  </Composition>

  <Composition _id="idD8" nonpersistent="false">
    <CompositionChildRole _id="idD9" isNavigable="true" max="1" min="1" target="id37"/>
    <CompositionParentRole _id="idDA" isNavigable="true" target="id77"/>
  </Composition>

  <Composition _id="idDB" nonpersistent="false">
    <CompositionChildRole _id="idDC" isNavigable="true" max="1" min="1" target="id49"/>
    <CompositionParentRole _id="idDD" isNavigable="true" target="id77"/>
  </Composition>

  <Composition _id="idDe" nonpersistent="false">
    <CompositionChildRole _id="idDF" isNavigable="true" max="1" min="1" target="id1D"/>
    <CompositionParentRole _id="ide0" isNavigable="true" target="id78"/>
  </Composition>

  <Composition _id="ide1" nonpersistent="false">
    <CompositionChildRole _id="ide2" isNavigable="true" max="1" min="1" target="id3"/>
    <CompositionParentRole _id="ide3" isNavigable="true" target="id78"/>
  </Composition>

  <Composition _id="ide4" nonpersistent="false">
    <CompositionChildRole _id="ide5" isNavigable="true" max="1" min="1" target="id70"/>
    <CompositionParentRole _id="ide6" isNavigable="true" target="id79"/>
  </Composition>

  <Composition _id="ide7" nonpersistent="false">
    <CompositionChildRole _id="ide8" isNavigable="true" max="1" min="1" target="id6B"/>
    <CompositionParentRole _id="ide9" isNavigable="true" target="id79"/>
  </Composition>

  <Composition _id="ideA" nonpersistent="false">
    <CompositionChildRole _id="ideB" isNavigable="true" max="-1" min="0" target="id76"/>
    <CompositionParentRole _id="ideC" isNavigable="true" target="id7A"/>
  </Composition>

  <Composition _id="ideD" nonpersistent="false">
    <CompositionChildRole _id="idee" isNavigable="true" max="-1" min="0" target="id7A"/>
    <CompositionParentRole _id="ideF" isNavigable="true" target="id7A"/>
  </Composition>

  <Composition _id="idF0" nonpersistent="false">
    <CompositionChildRole _id="idF1" isNavigable="true" max="-1" min="0" target="id7A"/>
    <CompositionParentRole _id="idF2" isNavigable="true" target="id7C"/>
  </Composition>

  <Composition _id="idF3" nonpersistent="false">
    <CompositionChildRole _id="idF4" isNavigable="true" max="-1" min="0" target="id76"/>
    <CompositionParentRole _id="idF5" isNavigable="true" target="id7C"/>
  </Composition>

  <Composition _id="idF6" nonpersistent="false">
    <CompositionChildRole _id="idF7" isNavigable="true" max="-1" min="0" target="id7C"/>
    <CompositionParentRole _id="idF8" isNavigable="true" target="id7C"/>
  </Composition>

</Diagram>
